id,scheme,role,component,variant,kind,claimed,core292,core292_attack,core292_primal,core265,core265_attack,core265_primal,matzov,matzov_attack,matzov_primal,beta_log2,q_log2,trivial,commit
evolve_hide,EVOLVE,privacy,"BDLOP commitment, hiding (M-LWE)",main,LWE,"119 (time) / 93 (space), PQ",163.00899954619334,dual_hybrid,166.44,148.6671158365458,dual_hybrid,151.05,188.34814139937347,dual_hybrid,190.00747948724913,,,,53da598
evolve_bind_honest,EVOLVE,correctness,"BDLOP binding, honest openings",honest,SIS,"180 (time) / 141 (space), PQ",inf,lattice,,inf,lattice,,inf,lattice,,7.953445297804259,30.999999893182647,False,53da598
evolve_bind_sec5,EVOLVE,correctness,BDLOP binding at B_r from Sec. 5,sec5,SIS,"180 (time) / 141 (space), PQ",11.68,large_norm,,10.600000000000001,large_norm,,44.98415201011532,large_norm,,35.25050484961296,30.999999893182647,True,53da598
evolved_hide_k1,EVOLVED,privacy,"commitment hiding, single-candidate",single-candidate,LWE,"172.2 (primal, 0.265b)",163.00899954619334,dual_hybrid,166.44,148.6671158365458,dual_hybrid,151.05,188.34814139937347,dual_hybrid,190.00747948724913,,,,53da598
evolved_hide_k10,EVOLVED,privacy,"commitment hiding, multi-candidate k=10",multi-candidate k=10,LWE,"439.9 (primal, 0.265b)",163.00899954619334,dual_hybrid,166.44,148.6671158365458,dual_hybrid,151.05,188.34814139937347,dual_hybrid,190.00747948724913,,,,53da598
evolved_hide_k120,EVOLVED,privacy,"commitment hiding, instant run-off k=7",instant run-off k=7,LWE,"4468.2 (primal, 0.265b)",163.00899954619334,dual_hybrid,166.44,148.6671158365458,dual_hybrid,151.05,188.34814139937347,dual_hybrid,190.00747948724913,,,,53da598
epoque_ibe_n100_s1.0,Epoque,privacy,"ABB-type IBE, n=100",sigma=1.0,LWE,'low' (no bits),11.68,usvp,11.68,10.600000000000001,usvp,10.600000000000001,39.89624866074466,usvp,39.89624866074466,,,,53da598
epoque_ibe_n100_s3.2,Epoque,privacy,"ABB-type IBE, n=100",sigma=3.2,LWE,'low' (no bits),14.308,usvp,14.308,12.985000000000001,usvp,12.985000000000001,41.20768478469056,bdd,41.20768478469056,,,,53da598
epoque_ibe_n200_s1.0,Epoque,privacy,"ABB-type IBE, n=200",sigma=1.0,LWE,'medium' (no bits),29.491999999999997,usvp,29.491999999999997,26.765,usvp,26.765,56.16924095967625,bdd,56.16924095967625,,,,53da598
epoque_ibe_n200_s3.2,Epoque,privacy,"ABB-type IBE, n=200",sigma=3.2,LWE,'medium' (no bits),47.303999999999995,usvp,47.303999999999995,42.93,usvp,42.93,72.36743707472313,bdd,72.36743707472313,,,,53da598
epoque_ibe_n300_s1.0,Epoque,privacy,"ABB-type IBE, n=300",sigma=1.0,LWE,128-192 ('med-high'),53.727999999999994,usvp,53.727999999999994,48.760000000000005,usvp,48.760000000000005,79.19023485506473,bdd,79.19023485506473,,,,53da598
epoque_ibe_n300_s3.2,Epoque,privacy,"ABB-type IBE, n=300",sigma=3.2,LWE,128-192 ('med-high'),80.592,usvp,80.592,73.14,usvp,73.14,103.72729822555722,bdd,103.72729822555722,,,,53da598
epoque_ibe_n400_s1.0,Epoque,privacy,"ABB-type IBE, n=400",sigma=1.0,LWE,'higher' (no bits),78.55196287350564,dual_hybrid,79.13199999999999,71.59249753465875,dual_hybrid,71.815,103.06455087512414,bdd,103.06455087512414,,,,53da598
epoque_ibe_n400_s3.2,Epoque,privacy,"ABB-type IBE, n=400",sigma=3.2,LWE,'higher' (no bits),114.75599999999999,usvp,114.75599999999999,104.14500000000001,usvp,104.14500000000001,136.26386862308303,bdd,136.26386862308303,,,,53da598
abgs_bgv,Aranha et al.,privacy,"BGV encryption (DKS^inf_{N,2})",main,LWE,168 (DKS^inf),146.87647385438746,dual_hybrid,148.33599999999998,133.64888690667107,dual_hybrid,134.62,174.64222734213433,dual_hybrid,175.13082261063747,,,,53da598
abgs_com_hide,Aranha et al.,privacy,"BDLOP hiding, l_c=2 (k=4)",main,LWE,168 (DKS^inf),146.87647385438746,dual_hybrid,148.33599999999998,133.64888690667107,dual_hybrid,134.62,174.64222734213433,dual_hybrid,175.13082261063747,,,,53da598
abgs_com_bind_k3,Aranha et al.,correctness,"BDLOP binding SKS^2, k=3",k=3,SIS,262 (SKS^2),inf,lattice,,inf,lattice,,inf,lattice,,24.584962500721158,78.0,False,53da598
abgs_com_bind_k4,Aranha et al.,correctness,"BDLOP binding SKS^2, k=4",k=4,SIS,262 (SKS^2),inf,lattice,,inf,lattice,,inf,lattice,,24.584962500721158,78.0,False,53da598
hough_rlwe,Hough et al.,privacy,"encryption randomness (RLWE, h treated as uniform)",main,LWE,128,81.85166778936902,dual_hybrid,82.344,74.4737372173373,dual_hybrid,74.73,111.1183117990286,bdd,111.1183117990286,,,,53da598
hough_ntru,Hough et al.,privacy,"NTRU key (f,g) ~ D_7.12",main,NTRU,128,44.092,dsd,44.092,40.015,dsd,40.015,76.00744969615343,dsd,76.00744969615343,,,,53da598
hough_com_hide,Hough et al.,privacy,BDLOP hiding,main,LWE,128,81.85166778936902,dual_hybrid,82.344,74.4737372173373,dual_hybrid,74.73,111.1183117990286,bdd,111.1183117990286,,,,53da598
hough_com_bind,Hough et al.,correctness,BDLOP binding RSIS,main,SIS,>=128 (delta < 1.0045),inf,lattice,,inf,lattice,,inf,lattice,,21.503513633446985,59.0,False,53da598
farz_bgv,Farzaliyev et al.,privacy,"BGV encryption (RLWE, 2 samples)",main,LWE,192 (target); 200 classical / 182 PQ (Table 3),197.49491962553543,dual_hybrid,200.60399999999998,179.6714598454237,dual_hybrid,182.055,222.8698458704426,dual_hybrid,224.70195179153959,,,,53da598
farz_com_hide,Farzaliyev et al.,privacy,"BDLOP hiding (MLWE_lambda, lambda=1)",main,LWE,192 (target),197.49491962553543,dual_hybrid,200.60399999999998,179.6714598454237,dual_hybrid,182.055,222.8698458704426,dual_hybrid,224.70195179153959,,,,53da598
pqk_hide,PQKryvos,privacy,BDLOP hiding (MLWE),main,LWE,"150 (time) / 100 (space), PQ",120.3121264435582,dual_hybrid,121.472,109.445378628027,dual_hybrid,110.24000000000001,148.7871096356132,dual_hybrid,148.8155009903797,,,,53da598
pqk_bind_single,PQKryvos,correctness,"BDLOP binding, single opening",single,SIS,150 / 100,inf,lattice,,inf,lattice,,inf,lattice,,7.3126261108734365,63.9999999996641,False,53da598
pqk_bind_agg,PQKryvos,correctness,"binding of the aggregate, N_V=10^6",aggregate N_V=10^6,SIS,150 / 100,inf,lattice,,inf,lattice,,inf,lattice,,27.244194680197612,63.9999999996641,False,53da598
bhm_lwe,Boyen-Haines-Mueller,privacy,Regev-type KEM (plain LWE),main,LWE,240 (target),211.992,usvp,211.992,192.39000000000001,usvp,192.39000000000001,230.47764995734795,bdd,230.47764995734795,,,,53da598
blm_mlwe,Bootle et al.,privacy,"MLPKE (MLWE, k=2)",main,LWE,>=128,243.65849476142287,dual_hybrid,257.252,223.0493048691007,dual_hybrid,233.465,264.06491829787507,dual_hybrid,272.69862920156874,,,,53da598
blm_mlwr,Bootle et al.,privacy,"OTSE (MLWR 2^6 -> 2^4, binary secret)",main,LWE,>=128,172.6519484307357,dual_hybrid,184.54399999999998,159.2945175338067,dual_hybrid,167.48000000000002,192.7117491750003,dual_hybrid,202.5188183321946,,,,53da598
blm_com_hide,Bootle et al.,privacy,"commitment hiding (MLWE_{2,2,eta})",main,LWE,>=128,243.65849476142287,dual_hybrid,257.252,223.0493048691007,dual_hybrid,233.465,264.06491829787507,dual_hybrid,272.69862920156874,,,,53da598
abgst21_enc,Aranha et al. 2021,privacy,"verifiable encryption (MLWE, rank 2)",main,LWE,not stated separately ('much higher' than commitments),88.1851107339,dual_hybrid,88.768,80.29763529656655,dual_hybrid,80.56,117.14519661656614,bdd,117.14519661656614,,,,53da598
abgst21_com_hide,Aranha et al. 2021,privacy,"BDLOP hiding (DKS^inf_{n+1,k,1})",main,LWE,>=100,72.1246214814228,dual_hybrid,72.416,65.51690696204767,dual_hybrid,65.72,100.10603294385153,bdd,100.10603294385153,,,,53da598
abgst21_com_bind,Aranha et al. 2021,correctness,"BDLOP binding SKS^2_{n,k,16 sigma_C sqrt(nu N)}",main,SIS,>=100,118.25999999999999,lattice,,107.325,lattice,,145.24672355568825,lattice,,27.305634287546713,32.0,False,53da598
fwk21_rlwe,Farzaliyev et al. 2021,privacy,RLWE encryption,main,LWE,180 (PQ),193.33247373094676,dual_hybrid,196.516,175.96550379139543,dual_hybrid,178.345,219.25490860723698,dual_hybrid,220.82144826869882,,,,53da598
fwk21_com_hide,Farzaliyev et al. 2021,privacy,"BDLOP hiding (MLWE_lambda, lambda=1)",main,LWE,root Hermite factor 1.0029,196.5161023486942,dual_hybrid,198.85199999999998,178.87500208729062,dual_hybrid,180.465,222.29023226649085,dual_hybrid,223.10103553358545,,,,53da598
fwk21_com_bind,Farzaliyev et al. 2021,correctness,"MSIS_{mu, 8 d beta'} (l_inf)",main,SIS,128-bit soundness; root Hermite factor 1.003,inf,lattice,,inf,lattice,,inf,lattice,,60.0,63.0,False,53da598
hms21_n128,Herranz et al. 2021,privacy,"RLWE (LPR) encryption, set 1",main,LWE,128,69.204,usvp,69.204,62.805,usvp,62.805,91.90633555855854,bdd,91.90633555855854,,,,53da598
hms21_n512,Herranz et al. 2021,privacy,"RLWE (LPR) encryption, set 2",main,LWE,128,80.3,usvp,80.3,72.875,usvp,72.875,105.70924147855648,bdd,105.70924147855648,,,,53da598
dpp24_fv,de Perthuis and Peters 2024,privacy,FV (RLWE) layer of TREnc,main,LWE,"> 140 (LWE), > 128 overall",196.22400000056405,dual_hybrid,197.684,178.08016337855418,dual_hybrid,179.405,224.07410093614212,dual_hybrid,224.72581535511566,,,,53da598
afgkr26_rlwe,Abdolmaleki et al. 2026,privacy,RLWE encryption (shuffled ciphertexts),main,LWE,128,22.192,usvp,22.192,20.14,usvp,20.14,52.406969202019035,bdd,52.406969202019035,,,,53da598
afgkr26_com_hide,Abdolmaleki et al. 2026,privacy,"ABDLOP hiding (MLWE, Ajtai shuffle argument)",main,LWE,128 (parameters following LNP22),98.4040042416695,dual_hybrid,99.27999999999999,89.30732412526977,dual_hybrid,90.10000000000001,125.46579504001258,dual_hybrid,125.78412913765682,,,,53da598
